<?xml version="1.0" encoding="utf-8"?>
<browserconfig>
    <msapplication>
        <tile>
            <square70x70logo src="https://staging.swaponline.site/assets/mstile-70x70.png"/>
            <square150x150logo src="https://staging.swaponline.site/assets/mstile-150x150.png"/>
            <wide310x150logo src="https://staging.swaponline.site/assets/mstile-310x150.png"/>
            <square310x310logo src="https://staging.swaponline.site/assets/mstile-310x310.png"/>
            <TileColor>#fff</TileColor>

        </tile>

    </msapplication>

</browserconfig>
